matrix,Version,Initialization,FeatureExtraction,Inference,Format
494_bus,baseline,0.0429925,0.00110261,1.743e-06,1
494_bus,tuned,0.0704901,0.000931163,4.21e-07,1
685_bus,baseline,0.00185623,0.00141056,2.104e-06,3
685_bus,tuned,0.00139887,0.00107237,3.81e-07,3
adder_dcop_04,baseline,0.00190947,0.00106546,1.393e-06,1
adder_dcop_04,tuned,0.00130773,0.000909211,2.7e-07,1
adder_dcop_10,baseline,0.00194292,0.00107105,1.423e-06,1
adder_dcop_10,tuned,0.00132276,0.000907438,2.71e-07,1
adder_dcop_11,baseline,0.0018798,0.00106032,1.292e-06,1
adder_dcop_11,tuned,0.0013097,0.000899915,2.81e-07,1
adder_dcop_12,baseline,0.00195829,0.00106173,1.313e-06,1
adder_dcop_12,tuned,0.00136064,0.000901177,3e-07,1
adder_dcop_13,baseline,0.00200119,0.00106822,1.292e-06,1
adder_dcop_13,tuned,0.00141066,0.000901768,2.6e-07,1
adder_dcop_23,baseline,0.00192415,0.00106388,1.633e-06,1
adder_dcop_23,tuned,0.00129913,0.000907799,2.9e-07,1
adder_dcop_24,baseline,0.00189345,0.00106506,1.442e-06,1
adder_dcop_24,tuned,0.00130917,0.000895176,3.41e-07,1
adder_dcop_26,baseline,0.00193872,0.00106045,1.383e-06,1
adder_dcop_26,tuned,0.00130813,0.000962902,2.81e-07,1
adder_dcop_28,baseline,0.00192165,0.00106082,1.262e-06,1
adder_dcop_28,tuned,0.00132124,0.000904283,3.01e-07,1
adder_dcop_39,baseline,0.00183214,0.00106607,1.452e-06,1
adder_dcop_39,tuned,0.00128664,0.00091327,3.3e-07,1
adder_dcop_40,baseline,0.00177474,0.00106397,1.342e-06,1
adder_dcop_40,tuned,0.0012049,0.000907579,2.8e-07,1
adder_dcop_41,baseline,0.00193885,0.00109744,1.453e-06,1
adder_dcop_41,tuned,0.00134594,0.000899303,3.11e-07,1
adder_dcop_48,baseline,0.00198751,0.00106387,1.302e-06,1
adder_dcop_48,tuned,0.00133806,0.000905014,2.7e-07,1
adder_dcop_58,baseline,0.00193505,0.00106337,1.372e-06,1
adder_dcop_58,tuned,0.00133969,0.000906528,3.1e-07,1
adder_dcop_60,baseline,0.0018038,0.00106402,1.372e-06,1
adder_dcop_60,tuned,0.00126045,0.000901428,3.11e-07,1
af_5_k101,baseline,0.00178423,0.00374754,3.287e-06,3
af_5_k101,tuned,0.00116281,0.00333038,3.5e-07,3
af_shell7,baseline,0.00204611,0.00394178,2.575e-06,3
af_shell7,tuned,0.00132211,0.0034378,2.9e-07,3
aft01,baseline,0.00196905,0.00124186,1.172e-06,1
aft01,tuned,0.0013482,0.00103072,3.7e-07,1
amazon0312,baseline,0.00199432,0.0021832,2.845e-06,1
amazon0312,tuned,0.0014105,0.0018738,3e-07,1
amazon0505,baseline,0.00208504,0.00217833,2.625e-06,1
amazon0505,tuned,0.00143065,0.00188014,3.91e-07,1
amazon0601,baseline,0.00210706,0.00219783,2.464e-06,3
amazon0601,tuned,0.0013963,0.00191465,3.11e-07,1
ar2010,baseline,0.00206359,0.0017842,2.455e-06,1
ar2010,tuned,0.00157921,0.00157793,3.51e-07,1
as-22july06,baseline,0.00197389,0.00112497,1.282e-06,1
as-22july06,tuned,0.00114819,0.000989953,3.31e-07,1
AS365,baseline,0.00211901,0.00641901,2.314e-06,1
AS365,tuned,0.00133946,0.00605175,2.9e-07,1
asia_osm,baseline,0.00218367,0.0193411,2.495e-06,1
asia_osm,tuned,0.00139348,0.0190823,3.2e-07,1
astro-ph,baseline,0.00193733,0.00135782,1.332e-06,1
astro-ph,tuned,0.00132212,0.00116474,2.91e-07,1
atmosmodj,baseline,0.00209192,0.00519939,2.905e-06,2
atmosmodj,tuned,0.00142795,0.0046822,2.71e-07,2
atmosmodl,baseline,0.00185123,0.00580951,2.244e-06,2
atmosmodl,tuned,0.00115166,0.00532239,2.9e-07,2
av41092,baseline,0.00180605,0.0017278,2.284e-06,1
av41092,tuned,0.0011755,0.0014025,3.2e-07,1
b1_ss,baseline,0.00221625,0.000213008,1.322e-06,1
b1_ss,tuned,0.00132564,0.000161603,2.6e-07,3
b2_ss,baseline,0.00191331,0.00107696,1.282e-06,3
b2_ss,tuned,0.00135213,0.000902219,3.61e-07,3
bayer05,baseline,0.00187539,0.00108028,1.372e-06,1
bayer05,tuned,0.00127571,0.00090327,3e-07,1
bayer10,baseline,0.00185549,0.00111681,1.453e-06,1
bayer10,tuned,0.00123262,0.000920964,3.3e-07,1
bcspwr02,baseline,0.00192663,0.00105497,1.232e-06,1
bcspwr02,tuned,0.0012508,0.000889405,2.91e-07,1
bcspwr03,baseline,0.00187805,0.00105066,1.312e-06,1
bcspwr03,tuned,0.00131433,0.000895366,3.8e-07,1
bcspwr07,baseline,0.00191775,0.00115507,1.402e-06,3
bcspwr07,tuned,0.00137209,0.000911236,3.71e-07,3
bcsstk07,baseline,0.0019189,0.0010546,1.343e-06,2
bcsstk07,tuned,0.00133906,0.000895677,3.6e-07,2
bcsstk11,baseline,0.00197442,0.00107812,1.312e-06,1
bcsstk11,tuned,0.00135509,0.000923769,3.6e-07,1
bcsstk15,baseline,0.0019198,0.00110022,1.392e-06,1
bcsstk15,tuned,0.00137919,0.000940871,3.2e-07,1
bcsstk17,baseline,0.00241555,0.00114711,1.563e-06,1
bcsstk17,tuned,0.00133164,0.000984453,3.41e-07,1
bcsstk32,baseline,0.00203338,0.00194812,2.625e-06,1
bcsstk32,tuned,0.00138966,0.00165541,4.41e-07,1
bcsstk33,baseline,0.00173757,0.00157993,2.204e-06,1
bcsstk33,tuned,0.00112528,0.00133745,3.5e-07,1
bcsstk36,baseline,0.00205494,0.00169535,2.425e-06,1
bcsstk36,tuned,0.00133101,0.00146567,3.71e-07,1
bcsstk37,baseline,0.0019841,0.00144274,2.254e-06,1
bcsstk37,tuned,0.00137787,0.0011812,3.51e-07,1
bcsstm36,baseline,0.00172857,0.00115465,1.392e-06,1
bcsstm36,tuned,0.00114331,0.000992899,3.1e-07,1
b_dyn,baseline,0.00199446,0.001064,1.362e-06,3
b_dyn,tuned,0.00132509,0.000895266,3.01e-07,3
bfly,baseline,0.00201099,0.00124536,1.252e-06,3
bfly,tuned,0.00127021,0.0010511,3.11e-07,1
bfwb62,baseline,0.00193331,0.00105839,1.613e-06,1
bfwb62,tuned,0.00136942,0.000897069,2.91e-07,1
bips07_2476,baseline,0.00192236,0.00109431,1.253e-06,1
bips07_2476,tuned,0.00127153,0.000938046,3.5e-07,1
bips98_606,baseline,0.00189832,0.00126555,1.433e-06,1
bips98_606,tuned,0.00138016,0.000915464,3.4e-07,1
bmw3_2,baseline,0.00206541,0.00289168,2.384e-06,1
bmw3_2,tuned,0.00143606,0.00251506,3.41e-07,1
bmwcra_1,baseline,0.0018372,0.00298389,2.795e-06,1
bmwcra_1,tuned,0.00116432,0.00251753,3.41e-07,1
boneS10,baseline,0.00201666,0.00565156,2.304e-06,1
boneS10,tuned,0.00127939,0.00528262,3.11e-07,1
bp_600,baseline,0.001916,0.00107284,1.262e-06,1
bp_600,tuned,0.0013914,0.000900756,3.01e-07,1
brack2,baseline,0.00195165,0.00141205,2.194e-06,3
brack2,tuned,0.00122738,0.00121669,3.61e-07,3
breasttissue_10NN,baseline,0.00188325,0.00105135,1.362e-06,1
breasttissue_10NN,tuned,0.00138887,0.000890147,3.61e-07,1
bundle_adj,baseline,0.00206131,0.00310454,2.295e-06,1
bundle_adj,tuned,0.00138056,0.00279336,2.6e-07,1
c-21,baseline,0.00196298,0.00129291,1.343e-06,1
c-21,tuned,0.0012515,0.00111494,3.11e-07,1
c-27,baseline,0.00173422,0.00107457,1.343e-06,1
c-27,tuned,0.00116868,0.00091345,3.2e-07,1
c-30,baseline,0.00189688,0.0011824,1.423e-06,1
c-30,tuned,0.00134375,0.00108899,3.5e-07,1
c-33,baseline,0.00191081,0.00126447,1.402e-06,1
c-33,tuned,0.00147542,0.00100533,3.21e-07,1
c-37,baseline,0.00184044,0.00139806,1.683e-06,1
c-37,tuned,0.00139785,0.00122389,3.11e-07,1
c-39,baseline,0.00194862,0.00113589,1.322e-06,1
c-39,tuned,0.00129769,0.000951992,3.21e-07,1
c-40,baseline,0.00198574,0.00112722,1.353e-06,1
c-40,tuned,0.00133712,0.000928108,3.11e-07,1
c-48,baseline,0.00195336,0.00114404,1.332e-06,1
c-48,tuned,0.00130957,0.000962111,2.91e-07,1
c-51,baseline,0.00194193,0.00114061,1.322e-06,1
c-51,tuned,0.00134877,0.000974635,3.11e-07,1
c-58,baseline,0.00189707,0.00133375,2.955e-06,1
c-58,tuned,0.00128588,0.00114283,3.1e-07,1
c-59,baseline,0.00200559,0.00136297,2.255e-06,1
c-59,tuned,0.00129103,0.0011572,3.4e-07,1
c-64,baseline,0.00198431,0.00148225,2.084e-06,1
c-64,tuned,0.00133378,0.00123468,3.31e-07,1
c-65,baseline,0.00197177,0.00127856,1.422e-06,1
c-65,tuned,0.00134378,0.00111773,3.1e-07,1
c-71,baseline,0.00192033,0.00143055,2.175e-06,1
c-71,tuned,0.00142504,0.00118439,2.91e-07,1
ca-AstroPh,baseline,0.00212104,0.00113049,1.573e-06,1
ca-AstroPh,tuned,0.00124519,0.000960128,2.91e-07,1
ca-CondMat,baseline,0.00192219,0.00111157,1.242e-06,1
ca-CondMat,tuned,0.00138273,0.000965357,2.81e-07,1
CAG_mat72,baseline,0.00189158,0.00105758,1.312e-06,1
CAG_mat72,tuned,0.00138207,0.000888925,3.1e-07,3
caidaRouterLevel,baseline,0.00193705,0.00153796,2.475e-06,1
caidaRouterLevel,tuned,0.00156594,0.00133911,3.2e-07,1
can_1054,baseline,0.00190542,0.00107312,1.463e-06,1
can_1054,tuned,0.00128616,0.000899574,3.3e-07,1
can_161,baseline,0.00196888,0.00105901,1.282e-06,2
can_161,tuned,0.00141268,0.000891859,3.21e-07,1
cavity03,baseline,0.00188728,0.00106817,1.383e-06,1
cavity03,tuned,0.00138404,0.000894755,3.11e-07,1
cavity13,baseline,0.00179403,0.00108793,1.312e-06,1
cavity13,tuned,0.00110041,0.000936383,3.51e-07,1
cavity15,baseline,0.00198317,0.00108558,1.423e-06,1
cavity15,tuned,0.00136072,0.000927907,3.3e-07,1
cavity21,baseline,0.00194049,0.00118569,1.362e-06,1
cavity21,tuned,0.00136299,0.000949297,3.21e-07,1
cavity26,baseline,0.00200496,0.00135613,1.373e-06,1
cavity26,tuned,0.0013378,0.00124853,2.9e-07,1
ccc,baseline,0.00209735,0.00132092,1.253e-06,1
ccc,tuned,0.00137301,0.00110148,3.31e-07,1
cdde2,baseline,0.00188605,0.00114973,1.353e-06,3
cdde2,tuned,0.00123467,0.000906777,2.7e-07,3
cdde4,baseline,0.0018892,0.0010694,1.452e-06,3
cdde4,tuned,0.00120679,0.000907759,2.71e-07,3
cegb2919,baseline,0.00172604,0.00113121,1.482e-06,1
cegb2919,tuned,0.00110131,0.000985545,3.3e-07,1
cfd1,baseline,0.00205721,0.00168555,2.475e-06,1
cfd1,tuned,0.00134209,0.0013954,3.51e-07,1
Chebyshev1,baseline,0.00193691,0.0010689,1.343e-06,1
Chebyshev1,tuned,0.00130369,0.000896509,2.6e-07,1
Chebyshev4,baseline,0.00176503,0.00192181,2.344e-06,0
Chebyshev4,tuned,0.00113741,0.00165867,2.9e-07,0
chesapeake,baseline,0.00167409,0.00106157,1.432e-06,1
chesapeake,tuned,0.00114173,0.000888082,3.61e-07,1
circuit5M_dc,baseline,0.00209851,0.00776707,2.935e-06,1
circuit5M_dc,tuned,0.00140579,0.0072929,2.91e-07,1
cit-HepTh,baseline,0.00200162,0.00119246,1.473e-06,1
cit-HepTh,tuned,0.00126126,0.000981658,3.01e-07,1
ck104,baseline,0.00184514,0.00109313,1.242e-06,1
ck104,tuned,0.00126991,0.000886679,2.9e-07,3
ck400,baseline,0.00196094,0.00105347,1.282e-06,2
ck400,tuned,0.00131333,0.000901848,3.41e-07,2
ckt11752_dc_1,baseline,0.00199868,0.00116438,1.402e-06,1
ckt11752_dc_1,tuned,0.00134821,0.00100965,2.61e-07,1
ckt11752_tr_0,baseline,0.00196705,0.00116839,1.693e-06,1
ckt11752_tr_0,tuned,0.00130503,0.0010161,2.91e-07,1
co2010,baseline,0.00196631,0.00174647,2.314e-06,1
co2010,tuned,0.00155608,0.00143815,3.6e-07,1
coAuthorsDBLP,baseline,0.00208652,0.00185231,2.204e-06,1
coAuthorsDBLP,tuned,0.00132607,0.0015608,3e-07,1
collins_15NN,baseline,0.0019203,0.00112766,1.463e-06,2
collins_15NN,tuned,0.00132283,0.000922517,3.21e-07,1
com-Youtube,baseline,0.00198753,0.00220036,2.565e-06,0
com-Youtube,tuned,0.00139538,0.00191027,7.92e-07,0
cont-300,baseline,0.00191048,0.00188587,2.215e-06,1
cont-300,tuned,0.00137984,0.00166859,3.91e-07,1
crankseg_1,baseline,0.00203777,0.00209452,2.174e-06,1
crankseg_1,tuned,0.00136574,0.00158906,3.31e-07,1
crankseg_2,baseline,0.00218308,0.0023969,2.244e-06,1
crankseg_2,tuned,0.00132488,0.0019507,3.01e-07,1
crashbasis,baseline,0.00204868,0.00207645,2.014e-06,2
crashbasis,tuned,0.00134506,0.00177947,3.31e-07,2
cryg10000,baseline,0.00190186,0.00131654,1.493e-06,4
cryg10000,tuned,0.00135634,0.00109319,2.5e-07,3
cryg2500,baseline,0.00189547,0.00123849,1.413e-06,3
cryg2500,tuned,0.00137007,0.00107091,2.91e-07,2
crystk01,baseline,0.00173205,0.00116547,1.322e-06,1
crystk01,tuned,0.00111576,0.00098278,2.8e-07,1
crystk03,baseline,0.00200071,0.00150317,2.355e-06,2
crystk03,tuned,0.00126152,0.00121768,3.7e-07,2
crystm01,baseline,0.00192131,0.00116404,1.323e-06,2
crystm01,tuned,0.00130633,0.000962311,3.21e-07,1
CurlCurl_1,baseline,0.00206232,0.00211842,2.725e-06,1
CurlCurl_1,tuned,0.001385,0.00184126,4.11e-07,1
cz2548,baseline,0.00192695,0.00106807,1.313e-06,1
cz2548,tuned,0.00136011,0.000910464,3.71e-07,1
cz40948,baseline,0.00165872,0.00127047,1.303e-06,3
cz40948,tuned,0.00125223,0.00107144,3.2e-07,1
darcy003,baseline,0.00202054,0.00193523,2.665e-06,1
darcy003,tuned,0.00143901,0.00163274,3.4e-07,1
dataset16mfeatkarhunen_10NN,baseline,0.00168295,0.00106868,1.423e-06,1
dataset16mfeatkarhunen_10NN,tuned,0.00113914,0.000909563,2.6e-07,1
dataset20mfeatpixel_10NN,baseline,0.00168288,0.00111333,1.362e-06,1
dataset20mfeatpixel_10NN,tuned,0.0011485,0.000909633,2.81e-07,1
dawson5,baseline,0.00202724,0.00159754,2.324e-06,1
dawson5,tuned,0.00138416,0.00131807,3.81e-07,3
dc2,baseline,0.00202974,0.00154687,2.164e-06,0
dc2,tuned,0.00137158,0.00127272,3.01e-07,0
dc3,baseline,0.00198625,0.00145909,2.174e-06,0
dc3,tuned,0.00139662,0.00181476,2.71e-07,0
delaunay_n10,baseline,0.00193401,0.0010568,1.463e-06,3
delaunay_n10,tuned,0.00132677,0.00090319,3.3e-07,3
delaunay_n14,baseline,0.00194898,0.00113323,1.453e-06,1
delaunay_n14,tuned,0.00132855,0.000948396,3.5e-07,1
delaunay_n16,baseline,0.00172334,0.00138438,2.174e-06,1
delaunay_n16,tuned,0.00113528,0.00119425,3.81e-07,1
delaunay_n20,baseline,0.00195433,0.00385644,2.475e-06,1
delaunay_n20,tuned,0.00135124,0.00356218,2.8e-07,1
denormal,baseline,0.00199291,0.00154293,2.164e-06,2
denormal,tuned,0.00134923,0.00129838,3.61e-07,2
dictionary28,baseline,0.00193943,0.00113539,1.483e-06,1
dictionary28,tuned,0.00135985,0.000979464,3.1e-07,1
dolphins,baseline,0.00196484,0.00105836,1.773e-06,1
dolphins,tuned,0.00136232,0.000896639,3e-07,3
dwt_1005,baseline,0.00183278,0.00105649,1.333e-06,1
dwt_1005,tuned,0.00130073,0.000895967,3.61e-07,3
Ecoli_10NN,baseline,0.00192621,0.00106369,1.433e-06,1
Ecoli_10NN,tuned,0.00135252,0.000900475,3.21e-07,1
email-EuAll,baseline,0.00194733,0.00150088,2.164e-06,1
email-EuAll,tuned,0.0013462,0.00127393,3.61e-07,1
email-Eu-core-temporal,baseline,0.0019609,0.00106889,1.523e-06,1
email-Eu-core-temporal,tuned,0.00133538,0.000901708,3.41e-07,1
Erdos972,baseline,0.0019699,0.00107058,1.292e-06,1
Erdos972,tuned,0.00134881,0.000899143,3.41e-07,1
Erdos992,baseline,0.00193976,0.00106887,1.393e-06,1
Erdos992,tuned,0.00135233,0.000908861,3.11e-07,1
ex1,baseline,0.00193246,0.00104564,1.373e-06,1
ex1,tuned,0.00133709,0.000891389,2.91e-07,1
EX1,baseline,0.00190423,0.00106504,1.392e-06,3
EX1,tuned,0.00133741,0.000894935,3.71e-07,3
ex10hs,baseline,0.00198966,0.00107747,1.573e-06,1
ex10hs,tuned,0.00139372,0.000938156,3.21e-07,1
ex14,baseline,0.001727,0.00108888,1.473e-06,1
ex14,tuned,0.00112573,0.000928518,3.1e-07,1
ex20,baseline,0.00190049,0.00113693,1.654e-06,1
ex20,tuned,0.00115857,0.000924431,2.9e-07,1
ex22,baseline,0.00187014,0.00107565,1.543e-06,1
ex22,tuned,0.00136277,0.00091341,3.31e-07,1
ex26,baseline,0.00196337,0.00108509,1.513e-06,1
ex26,tuned,0.00137105,0.00105821,3.81e-07,1
EX3,baseline,0.00191403,0.0010864,1.162e-06,1
EX3,tuned,0.00136138,0.000933648,3.5e-07,1
ex31,baseline,0.00192779,0.00119201,1.312e-06,1
ex31,tuned,0.00124996,0.000953495,3.1e-07,1
ex32,baseline,0.00188567,0.00107015,1.263e-06,3
ex32,tuned,0.00133767,0.000908501,3.61e-07,1
ex35,baseline,0.00183995,0.00125949,1.273e-06,3
ex35,tuned,0.00123777,0.00101996,3.41e-07,3
ex36,baseline,0.00191917,0.00109464,1.442e-06,1
ex36,tuned,0.00119674,0.000927607,2.9e-07,1
EX4,baseline,0.00183024,0.00108004,1.273e-06,1
EX4,tuned,0.00125762,0.000932736,3.41e-07,1
EX6,baseline,0.00200765,0.00113499,1.313e-06,3
EX6,tuned,0.0012893,0.00097748,3.4e-07,1
Fault_639,baseline,0.00181768,0.00487478,2.305e-06,1
Fault_639,tuned,0.00110743,0.00448832,3.01e-07,1
fcondp2,baseline,0.00201962,0.00302661,2.484e-06,1
fcondp2,tuned,0.00134375,0.0026507,3.1e-07,1
FEM_3D_thermal1,baseline,0.00184688,0.0013582,1.312e-06,1
FEM_3D_thermal1,tuned,0.00126181,0.00114065,3.61e-07,1
fe_sphere,baseline,0.00200081,0.00111205,1.473e-06,1
fe_sphere,tuned,0.0013973,0.000960157,3.21e-07,1
finan512,baseline,0.00191824,0.00145357,2.104e-06,3
finan512,tuned,0.00137937,0.00127348,3.7e-07,3
foldoc,baseline,0.00191754,0.00111003,1.362e-06,1
foldoc,tuned,0.00117231,0.000954156,3.01e-07,1
ford1,baseline,0.00190414,0.00111466,1.483e-06,1
ford1,tuned,0.0013055,0.000971899,3.41e-07,1
ford2,baseline,0.00188953,0.00144597,2.104e-06,1
ford2,tuned,0.00136194,0.00124741,3.51e-07,1
fpga_dcop_15,baseline,0.00189097,0.0010654,1.353e-06,1
fpga_dcop_15,tuned,0.00137002,0.000904213,3.8e-07,1
fpga_dcop_20,baseline,0.00172034,0.00114702,1.402e-06,1
fpga_dcop_20,tuned,0.00112813,0.000985234,3.81e-07,1
fpga_dcop_24,baseline,0.00167076,0.00106127,1.343e-06,1
fpga_dcop_24,tuned,0.00109658,0.000898662,3.61e-07,1
fpga_dcop_34,baseline,0.00189463,0.00107021,1.573e-06,1
fpga_dcop_34,tuned,0.0013923,0.000903191,3.81e-07,1
fpga_dcop_49,baseline,0.00183605,0.00106923,1.373e-06,1
fpga_dcop_49,tuned,0.00120399,0.000906968,3.31e-07,1
freeFlyingRobot_10,baseline,0.00193879,0.00107523,1.262e-06,1
freeFlyingRobot_10,tuned,0.00132247,0.000921324,3.31e-07,1
freeFlyingRobot_5,baseline,0.00197109,0.0010637,1.843e-06,1
freeFlyingRobot_5,tuned,0.00129743,0.000901718,3.5e-07,1
fs_183_1,baseline,0.00176665,0.00107847,1.322e-06,1
fs_183_1,tuned,0.00118908,0.000896919,3.4e-07,1
fs_541_1,baseline,0.00196221,0.00106498,1.413e-06,1
fs_541_1,tuned,0.00135512,0.000898251,3.61e-07,1
fs_541_3,baseline,0.00192423,0.0010643,1.403e-06,1
fs_541_3,tuned,0.00128006,0.000911637,3.5e-07,1
fs_760_1,baseline,0.00199106,0.00106185,1.323e-06,1
fs_760_1,tuned,0.00132748,0.000894475,3.2e-07,1
fs_760_3,baseline,0.00193088,0.00107394,1.413e-06,1
fs_760_3,tuned,0.00134611,0.000903502,2.8e-07,1
fv1,baseline,0.00195696,0.00109855,1.403e-06,2
fv1,tuned,0.00129424,0.00106699,2.5e-07,1
fxm4_6,baseline,0.00192346,0.00136444,2.345e-06,1
fxm4_6,tuned,0.00135814,0.00117523,3.3e-07,1
G15,baseline,0.00194964,0.00116239,1.753e-06,1
G15,tuned,0.0013484,0.00101075,3.31e-07,1
G25,baseline,0.00198301,0.00143012,1.503e-06,1
G25,tuned,0.00124585,0.000968253,3e-07,1
G31,baseline,0.00191002,0.00115142,1.342e-06,1
G31,tuned,0.00122439,0.00106949,3.1e-07,1
G34,baseline,0.00195051,0.0011018,1.392e-06,3
G34,tuned,0.00130491,0.000899875,2.8e-07,2
G39,baseline,0.00167682,0.0010626,1.282e-06,1
G39,tuned,0.00110501,0.000894104,3.2e-07,1
g3rmt3m3,baseline,0.00182654,0.00115015,1.362e-06,1
g3rmt3m3,tuned,0.00131843,0.000971619,3.51e-07,1
G42,baseline,0.00193577,0.00106117,1.262e-06,1
G42,tuned,0.0013091,0.000895346,3.4e-07,1
G43,baseline,0.00191233,0.00106528,1.833e-06,1
G43,tuned,0.00129331,0.000904713,2.9e-07,1
G5,baseline,0.00200432,0.00107279,1.262e-06,1
G5,tuned,0.00132313,0.000909673,3.31e-07,1
G50,baseline,0.00171908,0.00107727,1.262e-06,2
G50,tuned,0.00114203,0.000911917,2.91e-07,2
G55,baseline,0.00193408,0.00106833,1.272e-06,1
G55,tuned,0.00138343,0.000904654,3.31e-07,1
G60,baseline,0.00174399,0.00107888,1.302e-06,1
G60,tuned,0.00113007,0.00091383,3.2e-07,1
g7jac020sc,baseline,0.00196528,0.00110675,1.453e-06,1
g7jac020sc,tuned,0.00134624,0.000949086,2.9e-07,1
g7jac050sc,baseline,0.00175141,0.00122569,1.392e-06,1
g7jac050sc,tuned,0.00114533,0.000967511,3.11e-07,1
g7jac100,baseline,0.00193946,0.00118366,1.463e-06,1
g7jac100,tuned,0.00121843,0.00100998,2.81e-07,1
g7jac100sc,baseline,0.00174108,0.001214,1.392e-06,1
g7jac100sc,tuned,0.00113084,0.00101403,3e-07,1
Ga10As10H30,baseline,0.00203544,0.00226695,2.344e-06,1
Ga10As10H30,tuned,0.00139476,0.0017843,3.3e-07,1
gas_sensor,baseline,0.00197919,0.00159309,2.214e-06,1
gas_sensor,tuned,0.00126944,0.00129703,4.11e-07,1
GD96_a,baseline,0.00177453,0.00133725,1.302e-06,3
GD96_a,tuned,0.00127251,0.00089216,3.3e-07,3
GD97_c,baseline,0.00180467,0.00106543,1.312e-06,1
GD97_c,tuned,0.00111863,0.000899634,3.71e-07,1
GD98_c,baseline,0.00206374,0.00105252,1.242e-06,4
GD98_c,tuned,0.00138771,0.000890778,2.9e-07,4
gent113,baseline,0.00182416,0.00107367,1.272e-06,1
gent113,tuned,0.00130137,0.000953304,3.5e-07,1
GlossGT,baseline,0.00196468,0.00105702,1.323e-06,1
GlossGT,tuned,0.00134881,0.000900045,2.9e-07,1
goddardRocketProblem_1,baseline,0.00193603,0.00107424,1.513e-06,1
goddardRocketProblem_1,tuned,0.0013197,0.000905635,2.81e-07,1
goddardRocketProblem_2,baseline,0.00196717,0.00106759,1.373e-06,1
goddardRocketProblem_2,tuned,0.00133872,0.000900606,3.01e-07,1
Goodwin_010,baseline,0.00188025,0.0010788,1.543e-06,1
Goodwin_010,tuned,0.00127781,0.000917618,3.1e-07,1
Goodwin_013,baseline,0.00188745,0.00107476,1.322e-06,1
Goodwin_013,tuned,0.00127313,0.000917227,3.2e-07,1
Goodwin_023,baseline,0.00195041,0.0011865,1.433e-06,1
Goodwin_023,tuned,0.00135887,0.000963113,2.91e-07,1
Goodwin_071,baseline,0.00196761,0.00192313,2.064e-06,1
Goodwin_071,tuned,0.0013,0.00162174,3.7e-07,1
gr_30_30,baseline,0.00192248,0.0012942,1.252e-06,2
gr_30_30,tuned,0.00138362,0.00116258,2.81e-07,1
gre_1107,baseline,0.0023476,0.0010976,1.383e-06,3
gre_1107,tuned,0.00135234,0.000948024,3.61e-07,3
gre_115,baseline,0.00185645,0.00105696,1.352e-06,3
gre_115,tuned,0.00135324,0.00089744,3.1e-07,1
gre_216a,baseline,0.00177527,0.00105932,1.183e-06,1
gre_216a,tuned,0.00132026,0.000888774,2.7e-07,3
great-britain_osm,baseline,0.00198034,0.0135612,2.594e-06,1
great-britain_osm,tuned,0.00134494,0.0131761,3.1e-07,1
gridgena,baseline,0.00187855,0.00140985,2.164e-06,1
gridgena,tuned,0.00131235,0.00118417,3.41e-07,2
hangGlider_5,baseline,0.00195436,0.00110431,1.282e-06,1
hangGlider_5,tuned,0.0013669,0.00094597,2.41e-07,1
heart1,baseline,0.00189969,0.00170855,1.303e-06,1
heart1,tuned,0.00118572,0.00138215,3.3e-07,1
higgs-twitter,baseline,0.0020798,0.00260767,2.204e-06,1
higgs-twitter,tuned,0.00138994,0.0022162,3.8e-07,1
hor_131,baseline,0.00168252,0.00114026,1.533e-06,1
hor_131,tuned,0.00117352,0.000971418,3.01e-07,1
hugebubbles-00010,baseline,0.00213633,0.0403606,2.525e-06,1
hugebubbles-00010,tuned,0.00141908,0.0413685,2.81e-07,1
hydr1c,baseline,0.00192945,0.0010664,1.482e-06,1
hydr1c,tuned,0.00142528,0.000909242,3.71e-07,1
ibm32,baseline,0.00226907,0.00105271,1.223e-06,1
ibm32,tuned,0.00135189,0.000893523,4e-07,1
ibm_matrix_2,baseline,0.00202531,0.00152826,2.094e-06,1
ibm_matrix_2,tuned,0.00136835,0.00122389,3.01e-07,1
impcol_d,baseline,0.00163697,0.0010703,1.523e-06,1
impcol_d,tuned,0.00108591,0.000894324,2.7e-07,1
ins2,baseline,0.00205136,0.00218376,2.394e-06,0
ins2,tuned,0.00136214,0.00185034,2.51e-07,0
invextr1_new,baseline,0.00202452,0.00184012,2.184e-06,1
invextr1_new,tuned,0.00134159,0.00152437,3.71e-07,1
jagmesh7,baseline,0.00202981,0.0010648,1.743e-06,3
jagmesh7,tuned,0.00137722,0.000906567,3.7e-07,3
JapaneseVowelsSmall_10NN,baseline,0.00199688,0.00121235,1.363e-06,1
JapaneseVowelsSmall_10NN,tuned,0.00133214,0.000963384,3.6e-07,1
juba40k,baseline,0.00183703,0.00115998,1.463e-06,1
juba40k,tuned,0.00124091,0.000997297,3.3e-07,1
kmer_U1a,baseline,0.00212565,0.0208391,2.625e-06,0
kmer_U1a,tuned,0.00136824,0.0210431,3.11e-07,0
kron_g500-logn16,baseline,0.00201386,0.00183995,2.154e-06,0
kron_g500-logn16,tuned,0.00147547,0.00155111,3.9e-07,0
L,baseline,0.00168233,0.00160081,2.204e-06,3
L,tuned,0.00115347,0.00126186,3.81e-07,3
LeGresley_87936,baseline,0.00190394,0.00144434,2.404e-06,1
LeGresley_87936,tuned,0.0013555,0.0012478,3.2e-07,1
lesmis,baseline,0.00195661,0.00105818,1.293e-06,1
lesmis,tuned,0.00137456,0.000898111,3.11e-07,1
LF10,baseline,0.00200148,0.0010583,1.403e-06,1
LF10,tuned,0.0013592,0.000895015,3e-07,3
LFAT5,baseline,0.00195787,0.00106556,1.433e-06,1
LFAT5,tuned,0.00133911,0.000892481,3.21e-07,1
lhr02,baseline,0.00193906,0.00107772,1.603e-06,1
lhr02,tuned,0.00136509,0.000917498,3.1e-07,1
lhr04c,baseline,0.00204005,0.00117481,1.372e-06,1
lhr04c,tuned,0.0014336,0.000925222,2.9e-07,1
lhr10,baseline,0.00176465,0.00110086,1.402e-06,1
lhr10,tuned,0.00115991,0.000933277,3.21e-07,1
lhr14,baseline,0.00197645,0.0011484,1.353e-06,1
lhr14,tuned,0.00136092,0.000954918,3.4e-07,1
lhr17,baseline,0.0018896,0.00112745,1.472e-06,3
lhr17,tuned,0.00140795,0.000962902,3.41e-07,3
lhr71,baseline,0.0020377,0.00171882,2.215e-06,1
lhr71,tuned,0.00137397,0.00139496,3.6e-07,1
loc-Brightkite,baseline,0.00198126,0.00156803,2.244e-06,1
loc-Brightkite,tuned,0.00131752,0.00137692,3.21e-07,1
lock3491,baseline,0.00184284,0.00134048,1.593e-06,1
lock3491,tuned,0.00132191,0.00116686,3.7e-07,1
lowThrust_5,baseline,0.00182452,0.00122834,1.212e-06,1
lowThrust_5,tuned,0.00113981,0.0010612,2.9e-07,1
lowThrust_9,baseline,0.00204345,0.00120525,1.242e-06,1
lowThrust_9,tuned,0.00135831,0.000966359,3.1e-07,1
lp1,baseline,0.00206182,0.00207571,2.204e-06,0
lp1,tuned,0.00135297,0.00183328,3e-07,0
lshp2614,baseline,0.00189481,0.00106705,1.523e-06,3
lshp2614,tuned,0.00129031,0.000903441,3.71e-07,3
lshp_265,baseline,0.00200953,0.00259028,1.222e-06,1
lshp_265,tuned,0.00126538,0.000897851,3.8e-07,1
lshp_406,baseline,0.00192631,0.00105254,1.303e-06,1
lshp_406,tuned,0.00135281,0.000898692,3.31e-07,1
lshp_577,baseline,0.00183772,0.00106107,1.303e-06,1
lshp_577,tuned,0.00144791,0.000899454,3.4e-07,1
luxembourg_osm,baseline,0.00169573,0.00152997,2.074e-06,1
luxembourg_osm,tuned,0.00109227,0.00121269,3.5e-07,1
M20PI_n1,baseline,0.00166826,0.00106684,1.483e-06,3
M20PI_n1,tuned,0.00111379,0.000901538,3e-07,1
mac_econ_fwd500,baseline,0.00195987,0.00211808,2.244e-06,1
mac_econ_fwd500,tuned,0.00126275,0.00181834,3.3e-07,1
mark3jac040,baseline,0.00197544,0.00122473,1.273e-06,1
mark3jac040,tuned,0.00135753,0.000985915,2.81e-07,1
mark3jac080,baseline,0.00192913,0.00136837,2.184e-06,1
mark3jac080,tuned,0.00134053,0.00118554,2.5e-07,1
mark3jac080sc,baseline,0.00170746,0.00134963,2.194e-06,1
mark3jac080sc,tuned,0.0013097,0.00118228,3.11e-07,1
mark3jac100,baseline,0.00168601,0.00150162,1.323e-06,1
mark3jac100,tuned,0.00109138,0.00127699,3e-07,1
mark3jac140,baseline,0.00177121,0.00166947,2.295e-06,1
mark3jac140,tuned,0.00130038,0.00142257,3.21e-07,1
matrix_9,baseline,0.00206951,0.00205608,2.274e-06,1
matrix_9,tuned,0.00139333,0.00176962,2.51e-07,1
mawi_201512012345,baseline,0.00201351,0.00483855,2.314e-06,0
mawi_201512012345,tuned,0.0013613,0.00466014,2.21e-07,0
mbeause,baseline,0.00193125,0.00106271,1.583e-06,1
mbeause,tuned,0.00140923,0.00090777,3.2e-07,1
me2010,baseline,0.00197075,0.00114454,1.312e-06,1
me2010,tuned,0.00137255,0.000966629,2.71e-07,1
memplus,baseline,0.00188895,0.00132645,2.254e-06,1
memplus,tuned,0.00136691,0.00110763,3.2e-07,1
mesh1em1,baseline,0.00202618,0.00105087,1.403e-06,1
mesh1em1,tuned,0.00141656,0.000894154,3.1e-07,1
mhd3200a,baseline,0.00191721,0.00109272,1.262e-06,1
mhd3200a,tuned,0.00131239,0.000939288,3e-07,1
mi2010,baseline,0.0019251,0.00167125,2.434e-06,1
mi2010,tuned,0.00140074,0.00141433,3.31e-07,1
mimo28x28_system,baseline,0.00195167,0.00107685,1.373e-06,1
mimo28x28_system,tuned,0.00136215,0.000927697,3.4e-07,1
ML_Geer,baseline,0.00209346,0.0118159,2.134e-06,3
ML_Geer,tuned,0.00118583,0.0113803,3.41e-07,3
ML_Laplace,baseline,0.00215021,0.00448912,2.294e-06,3
ML_Laplace,tuned,0.00135642,0.00396435,3.5e-07,3
Muu,baseline,0.00191093,0.00140556,1.533e-06,1
Muu,tuned,0.00138467,0.00118787,3.11e-07,1
mycielskian14,baseline,0.00201465,0.00181279,2.214e-06,1
mycielskian14,tuned,0.00153544,0.0015474,4.5e-07,1
mycielskian3,baseline,0.00188138,0.000226935,1.272e-06,1
mycielskian3,tuned,0.00122747,0.000180428,2.41e-07,3
mycielskian8,baseline,0.00171681,0.00109989,1.663e-06,1
mycielskian8,tuned,0.00114473,0.000896088,2.7e-07,1
nasa2146,baseline,0.00196793,0.00108718,1.292e-06,1
nasa2146,tuned,0.00132879,0.00091832,3.31e-07,1
ncvxqp5,baseline,0.00196642,0.00137963,2.134e-06,1
ncvxqp5,tuned,0.00132988,0.00117204,3.51e-07,1
nd12k,baseline,0.00207265,0.00224447,2.244e-06,1
nd12k,tuned,0.00137057,0.00176129,3.2e-07,1
nd24k,baseline,0.00207505,0.0028005,2.374e-06,1
nd24k,tuned,0.0013317,0.00241157,3.31e-07,1
nemeth15,baseline,0.0019688,0.00138643,2.144e-06,1
nemeth15,tuned,0.00130793,0.00115194,3.51e-07,1
nemeth16,baseline,0.00180763,0.00137177,2.114e-06,1
nemeth16,tuned,0.00135765,0.00115644,4.11e-07,1
nemeth22,baseline,0.00204581,0.00178856,2.194e-06,1
nemeth22,tuned,0.00134693,0.00147201,3.7e-07,1
nemeth24,baseline,0.0020071,0.00162408,2.394e-06,1
nemeth24,tuned,0.00139307,0.0013149,3.1e-07,1
net100,baseline,0.00206954,0.00165043,2.675e-06,1
net100,tuned,0.00139804,0.0014181,3.9e-07,1
nmos3,baseline,0.00193955,0.00134483,1.292e-06,1
nmos3,tuned,0.00126864,0.0011276,3.6e-07,1
nos2,baseline,0.00187989,0.00111264,1.643e-06,3
nos2,tuned,0.00130066,0.000970757,2.3e-07,3
nos6,baseline,0.0017606,0.00142468,2.654e-06,3
nos6,tuned,0.001266,0.00109452,3.21e-07,3
nv1,baseline,0.00197179,0.00203387,2.374e-06,1
nv1,tuned,0.00130658,0.0017177,3.31e-07,1
nxp1,baseline,0.0020465,0.00442758,2.535e-06,0
nxp1,tuned,0.00138437,0.00371711,3e-07,0
odepb400,baseline,0.00198074,0.00135975,1.353e-06,3
odepb400,tuned,0.001362,0.00120402,2.5e-07,3
ODLIS,baseline,0.00191739,0.00327947,1.272e-06,1
ODLIS,tuned,0.00136225,0.000908872,3.11e-07,1
olafu,baseline,0.00204697,0.00142773,2.114e-06,1
olafu,tuned,0.00139499,0.0011764,3.81e-07,1
olm1000,baseline,0.00189785,0.0010641,1.192e-06,2
olm1000,tuned,0.0012795,0.000900627,2.5e-07,3
olm5000,baseline,0.00200011,0.00112385,1.262e-06,3
olm5000,tuned,0.00136365,0.000927346,3.21e-07,3
opt1,baseline,0.00203636,0.00158903,2.395e-06,1
opt1,tuned,0.00141317,0.00135279,3.51e-07,1
orbitRaising_2,baseline,0.00185677,0.00124051,1.332e-06,1
orbitRaising_2,tuned,0.00130679,0.00102661,2.51e-07,1
orbitRaising_4,baseline,0.00187778,0.00116609,1.393e-06,1
orbitRaising_4,tuned,0.00137942,0.000993109,2.81e-07,1
orsirr_2,baseline,0.00189918,0.0011493,1.412e-06,3
orsirr_2,tuned,0.00138729,0.000952974,3.51e-07,3
oscil_dcop_11,baseline,0.00193599,0.00107411,1.443e-06,1
oscil_dcop_11,tuned,0.00133773,0.000943637,3.9e-07,1
oscil_dcop_13,baseline,0.00191476,0.00106223,1.393e-06,1
oscil_dcop_13,tuned,0.0013734,0.000896699,3.91e-07,1
oscil_dcop_18,baseline,0.00193512,0.0010574,1.382e-06,1
oscil_dcop_18,tuned,0.00131933,0.000896378,3.21e-07,1
oscil_dcop_26,baseline,0.00191499,0.00109004,1.643e-06,1
oscil_dcop_26,tuned,0.00133203,0.000892061,4.3e-07,1
oscil_dcop_29,baseline,0.00181574,0.00113179,1.453e-06,1
oscil_dcop_29,tuned,0.001306,0.000892832,3.3e-07,1
oscil_dcop_35,baseline,0.00182145,0.00105723,1.353e-06,1
oscil_dcop_35,tuned,0.00121673,0.0008968,3.6e-07,1
oscil_dcop_37,baseline,0.00173756,0.00106276,1.333e-06,1
oscil_dcop_37,tuned,0.00115754,0.000896509,4.01e-07,1
oscil_dcop_40,baseline,0.00182934,0.00106623,1.473e-06,1
oscil_dcop_40,tuned,0.00121004,0.000904244,3.91e-07,1
oscil_dcop_44,baseline,0.00190524,0.00106237,1.313e-06,1
oscil_dcop_44,tuned,0.00132987,0.000904123,3.5e-07,1
oscil_dcop_45,baseline,0.00179775,0.00106267,1.302e-06,1
oscil_dcop_45,tuned,0.00121566,0.000899264,3.31e-07,1
oscil_dcop_49,baseline,0.00182541,0.00105641,1.423e-06,1
oscil_dcop_49,tuned,0.00123778,0.000901879,3.8e-07,1
oscil_dcop_57,baseline,0.00175248,0.00105825,1.352e-06,1
oscil_dcop_57,tuned,0.00119604,0.000896238,4.01e-07,1
oscil_trans_01,baseline,0.0018211,0.00105505,1.302e-06,1
oscil_trans_01,tuned,0.00128194,0.000892521,3.91e-07,1
p2p-Gnutella04,baseline,0.00190083,0.00108451,1.342e-06,1
p2p-Gnutella04,tuned,0.00119472,0.000918339,2.91e-07,1
p2p-Gnutella08,baseline,0.00194622,0.00106196,1.342e-06,1
p2p-Gnutella08,tuned,0.00128559,0.000908591,3.41e-07,1
p2p-Gnutella09,baseline,0.00192816,0.00113804,1.343e-06,1
p2p-Gnutella09,tuned,0.00135701,0.00091339,2.81e-07,1
p2p-Gnutella31,baseline,0.0019952,0.00112393,1.313e-06,1
p2p-Gnutella31,tuned,0.0013214,0.000956421,3.01e-07,1
para-10,baseline,0.00209432,0.00234941,2.374e-06,1
para-10,tuned,0.00139071,0.00203203,4.01e-07,1
para-5,baseline,0.00204094,0.00240503,2.325e-06,1
para-5,tuned,0.00138315,0.00201934,3e-07,1
patents,baseline,0.00210156,0.00276387,2.324e-06,4
patents,tuned,0.00135227,0.00232576,3.3e-07,1
Pd,baseline,0.00169113,0.00121599,1.282e-06,3
Pd,tuned,0.00123756,0.00105083,3.51e-07,3
pde225,baseline,0.00177896,0.00110749,1.272e-06,3
pde225,tuned,0.00123141,0.000899804,2.51e-07,3
pde2961,baseline,0.00186072,0.00108116,1.392e-06,2
pde2961,tuned,0.00129824,0.000919842,3.01e-07,2
pf2177,baseline,0.00194393,0.00134877,2.174e-06,1
pf2177,tuned,0.00132551,0.00114544,3.41e-07,1
pkustk03,baseline,0.0019043,0.00164761,2.454e-06,1
pkustk03,tuned,0.0011547,0.00138893,3.81e-07,3
pkustk14,baseline,0.00203145,0.0027809,2.194e-06,1
pkustk14,tuned,0.00138632,0.0022872,3.31e-07,1
plat1919,baseline,0.00195729,0.00111359,1.252e-06,1
plat1919,tuned,0.00135,0.000910476,3.61e-07,1
poisson2D,baseline,0.00186259,0.00106516,1.292e-06,1
poisson2D,tuned,0.00137946,0.00090214,4.11e-07,1
poisson3Da,baseline,0.00195388,0.00114392,1.583e-06,1
poisson3Da,tuned,0.00131298,0.000972402,3.01e-07,1
poli,baseline,0.00185761,0.00113979,1.422e-06,1
poli,tuned,0.00126295,0.00115025,3.3e-07,3
pores_3,baseline,0.00183344,0.00138632,2.084e-06,3
pores_3,tuned,0.00131219,0.00105664,3.21e-07,2
PR02R,baseline,0.0020259,0.00321555,2.294e-06,1
PR02R,tuned,0.00135646,0.00291401,2.9e-07,1
preferentialAttachment,baseline,0.00203933,0.00138079,2.154e-06,1
preferentialAttachment,tuned,0.00150958,0.00115073,3.3e-07,1
Pres_Poisson,baseline,0.00196276,0.00139437,2.245e-06,1
Pres_Poisson,tuned,0.00135702,0.00116473,3.31e-07,1
qa8fm,baseline,0.00204619,0.00197861,2.845e-06,3
qa8fm,tuned,0.00133868,0.00166979,3.81e-07,3
qh1484,baseline,0.00189496,0.00129551,1.753e-06,3
qh1484,tuned,0.00134209,0.00111586,3.41e-07,3
qpband,baseline,0.00194286,0.00112041,1.273e-06,1
qpband,tuned,0.00139101,0.000937786,2.5e-07,1
raefsky3,baseline,0.00189711,0.00175309,2.054e-06,1
raefsky3,tuned,0.00115568,0.00144867,3.5e-07,1
raefsky5,baseline,0.00192227,0.0011619,1.343e-06,1
raefsky5,tuned,0.00133747,0.000953486,3.4e-07,1
raefsky6,baseline,0.00191811,0.00110388,1.302e-06,1
raefsky6,tuned,0.00132162,0.000946653,3.21e-07,1
rail_1357,baseline,0.0018809,0.00107958,1.443e-06,3
rail_1357,tuned,0.00125538,0.000911237,3.31e-07,3
rajat12,baseline,0.00192261,0.00107172,1.573e-06,1
rajat12,tuned,0.00134354,0.000910846,3.51e-07,1
rajat18,baseline,0.00190469,0.00171371,1.874e-06,0
rajat18,tuned,0.00136285,0.00144513,2.6e-07,0
rajat19,baseline,0.00190198,0.00106618,1.362e-06,1
rajat19,tuned,0.00132816,0.000898914,2.9e-07,1
rajat23,baseline,0.00194066,0.00143489,2.304e-06,1
rajat23,tuned,0.0013613,0.00126294,3.4e-07,1
rajat27,baseline,0.00191648,0.00111563,1.593e-06,1
rajat27,tuned,0.00133859,0.000950711,3.01e-07,1
rdb800l,baseline,0.00189673,0.00106079,1.382e-06,3
rdb800l,tuned,0.00135733,0.000897061,2.8e-07,3
rdist2,baseline,0.00196566,0.00112187,1.312e-06,1
rdist2,tuned,0.00137025,0.000916597,2.9e-07,1
reorientation_3,baseline,0.00187038,0.0010746,1.532e-06,1
reorientation_3,tuned,0.00132439,0.000907339,3.3e-07,1
reorientation_7,baseline,0.00195244,0.00111028,1.473e-06,1
reorientation_7,tuned,0.00130986,0.000918029,3.2e-07,1
reorientation_8,baseline,0.0019213,0.00107564,1.452e-06,1
reorientation_8,tuned,0.00130135,0.000913631,3.4e-07,1
rgg_n_2_23_s0,baseline,0.00188276,0.0119515,3.166e-06,3
rgg_n_2_23_s0,tuned,0.0011785,0.0114499,3.41e-07,3
roadNet-TX,baseline,0.00203917,0.00267197,2.535e-06,1
roadNet-TX,tuned,0.00137389,0.00238925,3.01e-07,1
Roget,baseline,0.00187269,0.0011183,1.282e-06,3
Roget,tuned,0.0012534,0.000947775,4.11e-07,3
s3rmt3m1,baseline,0.00188338,0.00113113,1.322e-06,1
s3rmt3m1,tuned,0.00133531,0.000961621,3.2e-07,1
se,baseline,0.00191724,0.00111711,1.292e-06,1
se,tuned,0.00136609,0.000957323,3.21e-07,1
shallow_water1,baseline,0.00189867,0.00130835,1.362e-06,1
shallow_water1,tuned,0.00129231,0.00110883,3.2e-07,1
shermanACb,baseline,0.00189582,0.00145953,1.252e-06,0
shermanACb,tuned,0.00133005,0.00117918,2.91e-07,0
shipsec8,baseline,0.00203306,0.00196282,2.314e-06,1
shipsec8,tuned,0.00135633,0.00161739,3.61e-07,1
shl_200,baseline,0.00194285,0.00106679,1.302e-06,1
shl_200,tuned,0.00127561,0.000896318,2.4e-07,1
shl_400,baseline,0.00177591,0.00109247,1.283e-06,1
shl_400,tuned,0.00129456,0.000931755,2.5e-07,1
shyy161,baseline,0.00175164,0.00133602,1.353e-06,2
shyy161,tuned,0.00116823,0.00115691,2.4e-07,2
SiO2,baseline,0.00205006,0.00294673,2.304e-06,1
SiO2,tuned,0.00139376,0.00245099,3.61e-07,1
skirt,baseline,0.00183319,0.00137633,1.323e-06,1
skirt,tuned,0.00122783,0.00120367,3.01e-07,1
spaceShuttleEntry_2,baseline,0.00187346,0.00118216,1.332e-06,1
spaceShuttleEntry_2,tuned,0.00139219,0.000962423,3.2e-07,1
spaceStation_13,baseline,0.00175377,0.00112005,1.563e-06,1
spaceStation_13,tuned,0.00113738,0.000956121,3.5e-07,1
spaceStation_3,baseline,0.00192551,0.00113487,1.283e-06,1
spaceStation_3,tuned,0.00138765,0.000898182,3.21e-07,1
spaceStation_6,baseline,0.00180908,0.00107271,1.262e-06,1
spaceStation_6,tuned,0.00132452,0.000900597,3.61e-07,1
ss1,baseline,0.00202595,0.00188935,2.555e-06,1
ss1,tuned,0.0012869,0.00160988,3.81e-07,1
Stanford_Berkeley,baseline,0.00212779,0.0028909,2.625e-06,0
Stanford_Berkeley,tuned,0.00135811,0.00253248,2.61e-07,0
steam3,baseline,0.00196078,0.00126562,1.372e-06,1
steam3,tuned,0.00138879,0.00108905,4.51e-07,3
stokes64,baseline,0.00188668,0.00116233,1.282e-06,1
stokes64,tuned,0.00136264,0.000957634,3.61e-07,1
stufe,baseline,0.00202788,0.00138482,2.044e-06,3
stufe,tuned,0.00135608,0.00105282,3.91e-07,3
swang1,baseline,0.00190231,0.00108901,1.693e-06,1
swang1,tuned,0.00133181,0.000914443,3.4e-07,1
sx-askubuntu,baseline,0.00194023,0.00136922,2.084e-06,0
sx-askubuntu,tuned,0.00133058,0.00117984,3.1e-07,0
sx-superuser,baseline,0.00191617,0.00163065,2.134e-06,0
sx-superuser,tuned,0.00139599,0.00135116,2.7e-07,0
t2dal,baseline,0.00193147,0.00125464,1.322e-06,1
t2dal,tuned,0.00134052,0.00105959,3.6e-07,1
t2dal_e,baseline,0.00193068,0.00120859,1.553e-06,4
t2dal_e,tuned,0.00141551,0.00105416,2.31e-07,4
t3dh_a,baseline,0.00197341,0.00181268,2.856e-06,3
t3dh_a,tuned,0.00138508,0.00153515,3.91e-07,3
t3dl_e,baseline,0.00191275,0.00108771,1.382e-06,1
t3dl_e,tuned,0.00139784,0.000928791,3e-07,1
tandem_dual,baseline,0.00186482,0.00142206,2.074e-06,1
tandem_dual,tuned,0.00133758,0.00123275,3.21e-07,1
thermomech_dK,baseline,0.00205901,0.00214476,2.425e-06,3
thermomech_dK,tuned,0.00133332,0.00184786,3.51e-07,1
tn2010,baseline,0.00202811,0.0018014,3.196e-06,1
tn2010,tuned,0.00152659,0.00150511,3.5e-07,1
transient,baseline,0.0019476,0.00171165,2.535e-06,0
transient,tuned,0.00135188,0.001424,2.4e-07,0
Trefethen_200,baseline,0.00191061,0.001055,1.363e-06,3
Trefethen_200,tuned,0.0013984,0.000889698,2.8e-07,3
Trefethen_2000,baseline,0.00177926,0.00107261,1.302e-06,2
Trefethen_2000,tuned,0.00124466,0.000918612,3.2e-07,1
Trefethen_20000,baseline,0.00188887,0.00139174,2.124e-06,2
Trefethen_20000,tuned,0.00125552,0.0012025,3.2e-07,2
Trefethen_20000b,baseline,0.00192187,0.00139523,2.064e-06,2
Trefethen_20000b,tuned,0.0013636,0.0012031,3.3e-07,2
Trefethen_500,baseline,0.00187939,0.00106525,1.663e-06,2
Trefethen_500,tuned,0.00134189,0.00090187,3.31e-07,1
TSC_OPF_1047,baseline,0.00179331,0.00173348,2.375e-06,1
TSC_OPF_1047,tuned,0.00113376,0.00141781,4.31e-07,1
TSOPF_FS_b162_c4,baseline,0.00199822,0.00179185,2.565e-06,1
TSOPF_FS_b162_c4,tuned,0.00131887,0.00157006,3.6e-07,1
TSOPF_FS_b300,baseline,0.00208483,0.00155768,2.314e-06,1
TSOPF_FS_b300,tuned,0.00150097,0.00133095,3.11e-07,1
TSOPF_FS_b9_c1,baseline,0.00183431,0.00106568,1.493e-06,1
TSOPF_FS_b9_c1,tuned,0.00131995,0.000920005,3e-07,1
TSOPF_RS_b162_c1,baseline,0.00191453,0.00113612,1.333e-06,1
TSOPF_RS_b162_c1,tuned,0.00129804,0.000962624,2.81e-07,1
TSOPF_RS_b2383,baseline,0.0019984,0.00233788,2.164e-06,1
TSOPF_RS_b2383,tuned,0.00136311,0.00192548,4.41e-07,1
TSOPF_RS_b2383_c1,baseline,0.00184017,0.00239482,2.104e-06,1
TSOPF_RS_b2383_c1,tuned,0.00112176,0.00192313,3.4e-07,1
TSOPF_RS_b300_c1,baseline,0.00196192,0.00175549,2.334e-06,1
TSOPF_RS_b300_c1,tuned,0.00132615,0.00141786,3.7e-07,1
TSOPF_RS_b39_c19,baseline,0.00196798,0.00173084,2.465e-06,3
TSOPF_RS_b39_c19,tuned,0.00142112,0.00142499,3.41e-07,3
TSOPF_RS_b678_c2,baseline,0.00207962,0.00215343,2.494e-06,1
TSOPF_RS_b678_c2,tuned,0.00128291,0.00184861,3.5e-07,1
tube2,baseline,0.00201574,0.00160742,2.424e-06,1
tube2,tuned,0.00132437,0.00129526,3.81e-07,1
tuma2,baseline,0.00193497,0.00121382,1.403e-06,1
tuma2,tuned,0.00135197,0.0010315,3.11e-07,1
tumorAntiAngiogenesis_2,baseline,0.00194268,0.00106148,1.523e-06,1
tumorAntiAngiogenesis_2,tuned,0.0013426,0.000895807,2.9e-07,1
tumorAntiAngiogenesis_3,baseline,0.00196191,0.00106622,1.423e-06,1
tumorAntiAngiogenesis_3,tuned,0.00136326,0.000897089,3.01e-07,1
tumorAntiAngiogenesis_5,baseline,0.00198721,0.00106579,1.483e-06,1
tumorAntiAngiogenesis_5,tuned,0.00132408,0.000893623,3.01e-07,1
tumorAntiAngiogenesis_6,baseline,0.0017377,0.00107413,1.473e-06,1
tumorAntiAngiogenesis_6,tuned,0.00116143,0.000975616,2.91e-07,1
tumorAntiAngiogenesis_7,baseline,0.00191587,0.00106888,1.303e-06,1
tumorAntiAngiogenesis_7,tuned,0.00137854,0.000901948,2.71e-07,1
tx2010,baseline,0.00197151,0.00247885,2.875e-06,1
tx2010,tuned,0.00133608,0.00210575,3.11e-07,1
ukerbe1_dual,baseline,0.00176158,0.00129153,1.423e-06,3
ukerbe1_dual,tuned,0.00117357,0.00116816,3.21e-07,3
ut2010,baseline,0.00196444,0.00140656,2.054e-06,1
ut2010,tuned,0.00143366,0.0011631,3.11e-07,1
utm5940,baseline,0.00193251,0.00108944,1.192e-06,1
utm5940,tuned,0.00133109,0.00093494,3.01e-07,1
Vehicle_10NN,baseline,0.00192678,0.00107181,1.463e-06,3
Vehicle_10NN,tuned,0.00129961,0.000901878,3.7e-07,3
viscoplastic2,baseline,0.00183601,0.00150308,1.352e-06,1
viscoplastic2,tuned,0.00125955,0.0012182,3.91e-07,1
vsp_barth5_1Ksep_50in_5Kout,baseline,0.00200591,0.00117172,1.492e-06,1
vsp_barth5_1Ksep_50in_5Kout,tuned,0.00133087,0.000967471,3.51e-07,1
vsp_bump2_e18_aa01_model1_crew1,baseline,0.00189132,0.00138726,2.325e-06,1
vsp_bump2_e18_aa01_model1_crew1,tuned,0.00132961,0.00111985,3.21e-07,1
vsp_msc10848_300sep_100in_1Kout,baseline,0.00179753,0.00169023,2.404e-06,1
vsp_msc10848_300sep_100in_1Kout,tuned,0.00124712,0.00139641,3.61e-07,1
wang1,baseline,0.00193045,0.00111394,1.402e-06,1
wang1,tuned,0.00138324,0.000909853,2.81e-07,1
wang2,baseline,0.00192842,0.00107516,1.293e-06,1
wang2,tuned,0.00138032,0.00090257,3.01e-07,1
wang3,baseline,0.00201799,0.00121893,1.363e-06,1
wang3,tuned,0.00137952,0.00102281,3.11e-07,1
wathen120,baseline,0.00179366,0.00140376,2.395e-06,3
wathen120,tuned,0.00115329,0.00120592,3.71e-07,3
west0067,baseline,0.00186098,0.00105808,1.503e-06,2
west0067,tuned,0.00137625,0.000886369,2.71e-07,1
west0655,baseline,0.00187062,0.00106225,1.863e-06,3
west0655,tuned,0.00138432,0.000906347,3.6e-07,1
wikipedia-20070206,baseline,0.00205444,0.00416857,2.345e-06,1
wikipedia-20070206,tuned,0.00141428,0.00374687,3.31e-07,1
will199,baseline,0.00191157,0.00129396,1.493e-06,1
will199,tuned,0.00130297,0.00109005,3.6e-07,1
will57,baseline,0.00190151,0.00106743,1.463e-06,1
will57,tuned,0.00133975,0.00095075,3.01e-07,1
windtunnel_evap3d,baseline,0.00198482,0.00190567,2.374e-06,1
windtunnel_evap3d,tuned,0.00139739,0.00160112,4.61e-07,1
wing,baseline,0.00195202,0.00154136,2.194e-06,1
wing,tuned,0.0013298,0.00128827,3.51e-07,1
worms20_10NN,baseline,0.00196879,0.0013691,1.293e-06,3
worms20_10NN,tuned,0.00132482,0.00120084,3.71e-07,3
wy2010,baseline,0.00186163,0.00155745,2.514e-06,1
wy2010,tuned,0.00136224,0.00141696,3.6e-07,1
YaleA_10NN,baseline,0.00194351,0.00105884,1.433e-06,1
YaleA_10NN,tuned,0.0014147,0.000893562,3.2e-07,1
YaleB_10NN,baseline,0.00166116,0.00106526,1.483e-06,1
YaleB_10NN,tuned,0.00108436,0.000915354,3.3e-07,1
Zd_Jac2_db,baseline,0.00183079,0.00136778,2.194e-06,1
Zd_Jac2_db,tuned,0.00116726,0.00115936,3e-07,1
Zd_Jac6_db,baseline,0.00192214,0.00143012,2.104e-06,1
Zd_Jac6_db,tuned,0.00135002,0.00116205,3.51e-07,1
zenios,baseline,0.00178188,0.00107238,1.292e-06,1
zenios,tuned,0.00131369,0.000908851,2.91e-07,1
Zhao1,baseline,0.00218728,0.00113461,1.312e-06,1
Zhao1,tuned,0.00135298,0.000983311,3.11e-07,1
